<?xml version="1.0" encoding="UTF-8"?>
<reportUnit exportedWithPermissions="false">
    <folder>/public/SME</folder>
    <name>EmployeeAccounts</name>
    <version>2</version>
    <label>Employee Accounts</label>
    <description>List of Accounts per Employee</description>
    <creationDate>2017-07-19T11:37:49.154+03:00</creationDate>
    <updateDate>2017-07-19T12:09:57.040+03:00</updateDate>
    <mainReport>
        <localResource
            xmlns:xsi="http://www.w3.org/2001/XMLSchema-instance"
            exportedWithPermissions="false"
            dataFile="EmployeeAccountsJRXML.data" xsi:type="fileResource">
            <folder>/public/SME/EmployeeAccounts_files</folder>
            <name>EmployeeAccountsJRXML</name>
            <version>3</version>
            <label>EmployeeAccountsJRXML Label</label>
            <description>EmployeeAccountsJRXML description</description>
            <creationDate>2017-07-19T12:08:20.609+03:00</creationDate>
            <updateDate>2017-07-19T12:09:56.936+03:00</updateDate>
            <fileType>jrxml</fileType>
        </localResource>
    </mainReport>
    <dataSource>
        <uri>/organizations/organization_1/datasources/JServerJNDIDS</uri>
    </dataSource>
    <inputControl>
        <localResource
            xmlns:xsi="http://www.w3.org/2001/XMLSchema-instance"
            exportedWithPermissions="false" xsi:type="inputControl">
            <folder>/public/SME/EmployeeAccounts_files</folder>
            <name>EmployeeID</name>
            <version>1</version>
            <label>Employee</label>
            <creationDate>2017-07-19T12:09:57.040+03:00</creationDate>
            <updateDate>2017-07-19T12:09:57.040+03:00</updateDate>
            <type>4</type>
            <mandatory>true</mandatory>
            <readOnly>false</readOnly>
            <visible>true</visible>
            <query>
                <localResource exportedWithPermissions="false" xsi:type="query">
                    <folder>/public/SME/EmployeeAccounts_files/EmployeeID_files</folder>
                    <name>EmployeeQuery</name>
                    <version>0</version>
                    <label>Employee Query</label>
                    <creationDate>2017-07-19T12:09:57.040+03:00</creationDate>
                    <updateDate>2017-07-19T12:09:57.040+03:00</updateDate>
                    <language>sql</language>
                    <queryString>SELECT id, user_name FROM users WHERE employee_status = 'Active'</queryString>
                </localResource>
            </query>
            <queryVisibleColumn>user_name</queryVisibleColumn>
            <queryValueColumn>id</queryValueColumn>
        </localResource>
    </inputControl>
    <alwaysPromptControls>false</alwaysPromptControls>
    <controlsLayout>1</controlsLayout>
</reportUnit>
